Se han convertido en aliadas obligatorias de los #negocios de hoy. #BI #BPM #ServiceDesk #KnowledgeManagement[vc_row][vc_column width=”1/1″][vc_column_text] Hay cinco herramientas que están ayudando a las compañías a mejorar su productividad y a optimizar su gestión. Son las herramientas que por su manera de funcionar, por la manera en que apoyan la operación de negocio de las compañías, se han convertido en aliadas obligatorias de los negocios de hoy. 1. Business Intelligence. La inteligencia de…View On WordPress
Do you want to know #ten of the best #BI companies?. #Business #solutions #software[vc_row][vc_column width=”1/2″ css=”.vc_custom_1439233171264{padding-bottom: 8px !important;}”][vc_single_image border_color=”grey” img_link_target=”_self” image=”1882″ img_size=”356 × 202″ css=”.vc_custom_1439230558134{padding-top: 1px !important;padding-bottom: 1px !important;}”][vc_column_text] 1. Oracle: one of the founders of the analytics technology is of course one of the most solid and…View On WordPress
This tool need to have a clear #strategy and a clear #plan[vc_row][vc_column width=”1/1″ css=”.vc_custom_1438892181368{padding-bottom: 10px !important;}”][vc_column_text] The implementation of a Business Solution has to be seriously taken if we actually want something to help us and from which we can get some value, and not just a program to do some additional operations in our workflow. For a Business Intelligence solution to be successful, we need to…View On WordPress
Sólo así es posible un #proceso efectivo de mejora continua. #tecnologia #dexon software[vc_row][vc_column width=”1/1″ css=”.vc_custom_1438869799225{padding-bottom: 10px !important;}”][vc_column_text] Casi todas las grandes empresas del mundo, es decir, las empresas que están a la vanguardia y lideran los diferentes sectores del mercado están utilizando actualmente soluciones de gestión empresarial. Compañías de diferentes tamaños, pequeñas, medianas y grandes, han hecho…View On WordPress
Esta herramienta está diseñada para tomar la #información, organizarla y analizarla…[vc_row][vc_column width=”1/1″][vc_column_text] Los científicos han descubierto que la realidad fundamental de la materia es la energía, y que esta energía es en el fondo información. Información es lo que constituye la realidad, y si somos capaces de descodificarla y traducirla podremos conocer secretos que de otra manera son imposibles de verificar. Esta revolución de la descodificación ha…View On WordPress
“The #system is also used to monitor 12,000 soccer matches around the #world” #bigdata[vc_row][vc_column width=”1/1″][vc_column_text] If you have seen the movie Moneyball, then you know how sports world is actually changing, and has already changed a lot, because of the use of statistics in it. Mathematics are giving a new approach to the way that coaches can organize their teams and new strategies are emerging from the perspective that numbers give to the team planning.…View On WordPress
Un #CEO exitoso se inspira a sí mismo, se motiva a sí mismo. #dexon #software #negocios[vc_row][vc_column width=”1/1″][vc_column_text] Cómo lograr el éxito como líder de una compañía. Cómo inspirar a un grupo de personas para que te sigan hasta la consecución de tus metas y sueños. Ser un director ejecutivo es un desafío para cualquier persona, porque pone en juego todas las capacidades potenciales de un ser humano en relación con otros seres humanos, hace que la persona deba…View On WordPress
¿Cómo tener inventarios #automáticos en su #organización? #negocios #dexon #soluciones[vc_row][vc_column width=”1/1″][vc_single_image image=”1743″ border_color=”grey” img_link_target=”_self” img_size=”833 × 541″ link=”http://dexon.us/” css=”.vc_custom_1438264341068{padding-top: 10px !important;padding-bottom: 10px !important;}”][/vc_column][/vc_row][vc_row][vc_column width=”1/1″][vc_column_text] Hay que saber lo que se tiene para saber qué se puede conseguir. Cuando en una…View On WordPress
#Dexon #tool is a good example of this kind of #software.[vc_row][vc_column width=”1/1″ css=”.vc_custom_1438189963534{padding-bottom: 15px !important;}”][vc_column_text] An IT asset management tool is a software tool designed for manage in an automatic and digital way, all the possible assets that may be found in your business. Why is this important? Some managers may be not aware of all the possibilities that can be settled by this kind of tools, may…View On WordPress
Reducir la carga de los empleados = #BPM, #BI, #Service Desk[vc_row][vc_column width=”1/2″ css=”.vc_custom_1438028450790{padding-bottom: 20px !important;}”][vc_column_text] Tecnología y negocios es la combinación que está transformando las condiciones de compañías y empresas a lo largo del mundo. Normalmente se enfatizan las funcionalidades relacionadas con el análisis de información, la automatización de los procesos, el registro de documentos y la…View On WordPress
#BI must be part of the #IT #strategy. #OLAP #ITIL[vc_row][vc_column width=”1/1″ css=”.vc_custom_1437931354190{padding-bottom: 20px !important;}”][vc_column_text] Usually, when a company gets a software solution for the business management, points its use to a certain number of specific people, thus assuming that the Business Intelligence tool is for managers and department directors, and that it is related to numbers, profits, expenses,…View On WordPress
Big Data en entidades bancarias[vc_row][vc_column width=”1/1″][vc_single_image image=”1696″ border_color=”grey” img_link_target=”_self” img_size=”672 × 222″ css=”.vc_custom_1437744615447{padding-top: 5px !important;padding-bottom: 5px !important;}”][/vc_column][/vc_row][vc_row][vc_column width=”1/1″][vc_column_text] Tal vez no existan procesos tan complejos y delicados como los que este tipo de entidades desarrollan, porque…View On WordPress
#Service Desk sirve para adaptarse perfectamente a distintas regulaciones #ITIL[vc_row][vc_column width=”1/1″][vc_single_image image=”1679″ border_color=”grey” img_link_target=”_self” img_size=”2790 × 5445″ css=”.vc_custom_1437516172945{padding-top: 5px !important;padding-bottom: 10px !important;}”][/vc_column][/vc_row]View On WordPress
#Medicine and #healthcare is going to #experiment a big and radical change[vc_row][vc_column width=”1/1″ css=”.vc_custom_1437169211370{padding-bottom: 15px !important;}”][vc_column_text] We humans are a delicate species: our body has some specific demands that have to be fulfilled if we want to have health and life. We need to breath, eat, drink water, and also be able to get a place to be protected from cold and other weather conditions. For us, being as we are, the…View On WordPress
Se pueden diseñar #estrategias de #gobierno mucho más #exitosas,[vc_row][vc_column width=”1/2″ css=”.vc_custom_1437161011550{padding-bottom: 20px !important;}”][vc_column_text] La posibilidad de predecir comportamientos humanos ha sido un sueño de las ciencias sociales desde su nacimiento en el siglo XVIII de la mano y la mente de los filósofos de la llamada Ilustración. Este tipo de investigación ha querido entender las variables del comportamiento humano y…View On WordPress
Las #estrategias para la gestión de estos equipos de #TI es cada vez más #especializada[vc_row][vc_column width=”1/1″][vc_column_text] Así como cada vez son más las compañías que hacen uso de herramientas informáticas de gestión empresarial, son también más los requisitos de personal que se deben satisfacer en cada compañía para darle a estas herramientas una utilización adecuada. El equipo de TI de las organizaciones se ha convertido en una pieza fundamental del funcionamiento…View On WordPress
#Technology is giving the chance to the #planet to be #better.[vc_row][vc_column width=”1/1″ css=”.vc_custom_1436983897968{padding-bottom: 20px !important;}”][vc_column_text] Nowadays there is a good deal of laws that state the need to save paper in a lot of different aspects of human life. Businesses are no exception to that kind of laws: we can find, in any country, a tendency to try to avoid the use of physical paper for documents such as petitions,…View On WordPress
10 Preguntas importantes al #implementar #soluciones de #Knowledge #Management[vc_row][vc_column width=”1/1″][vc_single_image border_color=”grey” img_link_target=”_self” image=”1633″ img_size=”2330 × 7004″ css=”.vc_custom_1436898097416{padding-top: 10px !important;padding-bottom: 10px !important;}”][/vc_column][/vc_row]View On WordPress
It improves the quality of #service and #attention. #top #Businessintelligence[vc_row][vc_column width=”1/1″ css=”.vc_custom_1436565956979{padding-top: 10px !important;padding-bottom: 10px !important;}”][vc_column_text] BI is for managers, but also for clients and employees. [/vc_column_text][/vc_column][/vc_row][vc_row][vc_column width=”1/1″][vc_accordion collapsible=”yes”][vc_accordion_tab title=”1. Integrated information. “][vc_column_text] The main purpose of a BI tool…View On WordPress
¿Seguir #invirtiendo y adaptando #soluciones de #software?[vc_row][vc_column width=”1/1″][vc_column_text] El mercado nunca deja de adaptarse a las nuevas posibilidades que le brinda la tecnología, y a los retos que le plantea la economía mundial. Las previsiones que se observan en estos campos permiten plantearse unos posibles caminos que tomarán los negocios en los próximos meses y para el próximo año 2016.…View On WordPress
Frankfurt, 13. August 2015 – Die DIC Asset AG (WKN A1X3XX / ISIN DE000A1X3XX4) legt heute ihren Bericht über das Ergebnis des ersten Halbjahres 2015 vor.
Zusammenfassung der wichtigsten  Ergebnisse:
Die DIC Asset AG erzielte im ersten Halbjahr Bruttomieteinnahmen in Höhe von 70,4 Mio. EUR (1. Hj. 2014: 73,6 Mio. EUR). Der Rückgang um 4 Prozent resultiert maßgeblich aus den planmäßigen Verkäufen aus dem Commercial Portfolio. Der FFO (Funds From Operations: operatives Ergebnis vor Abschreibungen und Steuern, sowie vor Gewinnen aus Verkäufen und Entwicklungsprojekten) des ersten Halbjahres konnte mit 24,0 Mio. EUR im Vergleich zum Vorjahr um zwei Prozent gesteigert werden (1. Hj. 2014: 23,6 Mio. EUR). Vor allem trugen ein um 30 Prozent gestiegener Fonds-Beitrag und ein verbessertes Zinsergebnis zum FFO bei. Der FFO je Aktie belief sich zum 30.06.2015 auf 0,35 EUR (30. Juni 2014: 0,34 EUR). Der Konzernüberschuss im ersten Halbjahr lag mit 5,0 Mio. EUR 25 Prozent über Vorjahresniveau (1. Hj. 2014: 4,0 Mio. EUR). Maßgeblich hierfür waren das gestiegene Ergebnis aus assoziierten Unternehmen sowie höhere Gewinne aus Immobilienverkäufen gegenüber dem Vorjahreszeitraum.
Ulrich Höller, Vorstandsvorsitzender der DIC Asset AG, hierzu: „Die DIC Asset AG hat im ersten Halbjahr 2015 ihre Etappenziele vollständig erreicht und teilweise sogar deutlich übertroffen. Damit rücken unsere Jahresziele 2015 in greifbare Nähe.“
Operatives Geschäft
Insgesamt wurde bis dato in 2015 ein Verkaufsvolumen von rund 150 Mio. EUR realisiert. Damit wurde die geplante Verkaufsspanne von rund 150 Mio. EUR bis 170 Mio. EUR für das Gesamtjahr frühzeitig erreicht. Die Verkäufe konnten im Durchschnitt zu rund 7 Prozent über den zuletzt festgestellten Marktwerten veräußert werden. Aufgrund der erfolgreichen Verkaufsaktivitäten hebt die DIC Asset AG ihr  Verkaufsziel auf mindestens 180 Mio. EUR an. Mit der positiven Entwicklung treibt die DIC Asset AG den kontinuierlichen Abbau ihres Verschuldungsgrades weiter voran. 
Die Erträge aus dem Immobilienmanagement sind im ersten Halbjahr um rund 30 Prozent auf nun 3,0 Mio. EUR gestiegen (1. Hj. 2014: 2,3 Mio. EUR). Maßgeblich trugen dazu die Einnahmen aus dem Management von Fondsimmobilien bei, die um 0,6 Mio. EUR auf 2,3 Mio. EUR anstiegen (1. Hj. 2014: 1,7 Mio. EUR).
Das Fondsgeschäft befand sich auch im ersten Halbjahr 2015 weiter auf Wachstumskurs. Der erwirtschaftete FFO-Beitrag aus dem Management der Fondsimmobilien sowie aus den Erträgen der Fondsbeteiligungen ist gegenüber dem Vorjahr im ersten Halbjahr um mehr als 30% auf 3,6 Mio. gestiegen (1. Hj. 2014: 2,7 Mio. EUR). Wie bereits berichtet, wurden in 2015 bis dato drei weitere Ankäufe im Wert von 57 Mio. EUR für die Spezialfonds getätigt. In diesem Zusammenhang wurde die Investitionsphase des ersten Fonds „DIC Office Balance I“ bereits erfolgreich abgeschlossen. Das geplante Gesamtankaufsvolumen im Fondsbereich für 2015 liegt bei mindestens 130 Mio. EUR.
Die Vermietungsleistung im ersten Halbjahr 2015 umfasste Mietverträge mit annualisierten Mieteinnahmen von rund 6,3 Mio. EUR, davon 4,0 Mio. EUR  Anschlussvermietungen und 2,3 Mio. EUR Neuvermietungen (1. Hj. 2014: 11,3 Mio. EUR). Die Leerstandquote beträgt zum Ende des ersten Halbjahres 11,1 Prozent (1. Hj. 2014: 11,5 Prozent). 
Finanzierungskonditionen deutlich verbessert
Die Finanzverbindlichkeiten sanken  per 30. Juni 2015 gegenüber dem Vorjahrjahresende um 5,2 Mio. EUR auf 1,663 Mrd. EUR (31.12.2014: 1,668 Mrd. EUR). Von dem in 2015 anstehenden Refinanzierungsvolumen für das  Bestandsportfolio (Commercial Portfolio) von insgesamt rund 372 Mio. EUR sind zum Ende des ersten Halbjahres 2015 bereits rund 315 Mio. EUR refinanziert worden. Die durchschnittliche Laufzeit der neu abgeschlossenen Finanzierungen beträgt rund 7 Jahre. Der Durchschnittszinssatz aller Finanzschulden über Bankdarlehen sank dadurch zum 30. Juni 2015 auf 3,5 Prozent und liegt damit 60 Basispunkte niedriger gegenüber dem Vorjahr (30.06.2014: 4,1 Prozent). Die durchschnittliche Laufzeit der Finanzschulden erhöhte sich durch die Refinanzierungen gegenüber dem Vorjahresende deutlich auf 4,7 Jahren (31.12.2014: 4,0 Jahre). 
Die Netto-Eigenkapitalquote stieg zum 30. Juni 2015 im Zuge der fortgesetzten Finanzoptimierungen gegenüber der Jahresendbilanz 2014 um 80 Basispunkte auf 34,2 Prozent (31.12.2014: 33,4 Prozent). Der Loan-to-Value ist mit 65,5 Prozent gegenüber dem Jahresende 2014 weiter gesunken (31.12.2014: 65,9 Prozent).
Das Zinsergebnis verbesserte sich im Wesentlichen durch die weitere Optimierung der Finanzierungsstruktur zum 30.06.2015 auf -31,9 Mio. EUR (1. Hj. 2014: -34,0 Mio. EUR). Dabei konnte der Zinsaufwand durch umfangreiche Refinanzierungen signifikant auf 36,9 Mio. EUR gesenkt werden (1. Hj. 2014: 38,9 Mio. EUR). Die Zinserträge blieben mit 5,0 Mio. EUR bezogen auf den Vorjahreszeitraum stabil (1 Hj. 2014: 4,9 Mio. EUR). 
Halbjahresergebnisse bekräftigen Jahresprognose
Die DIC Asset AG bekräftigt mit ihren Halbjahresergebnissen ihre FFO-Prognose für das Gesamtgeschäftsjahr 2015 von 48 – 50 Mio. EUR (Geschäftsjahr 2014: 45,9 Mio. EUR). Aufgrund der hohen Dynamik der Verkaufsaktivitäten erhöht sich das angestrebte Verkaufsvolumen auf nunmehr mindestens 180 Mio. EUR für 2015. Unter Berücksichtigung der Effekte aus bereits realisierten und weiteren potentiellen Verkäufen wird eine Leerstandquote von rund elf Prozent für das Gesamtportfolio erwartet. Dabei sollen zum Jahresende Mieteinnahmen zwischen 134 und 136 Mio. EUR erzielt werden. Für das weitere Wachstum des Fondsgeschäfts wird ein Ankaufsvolumen von mindestens 130 Mio. EUR  angestrebt.
Informationen über die DIC Asset AG sowie den Halbjahresbericht finden Sie im Internet unter www.dic-asset.de.
Über die DIC Asset AG:
Die 2002 etablierte DIC Asset AG mit Sitz in Frankfurt am Main ist ein Immobilienunternehmen mit ausschließlichem Anlagefokus auf Gewerbeimmobilien in Deutschland und renditeorientierter Investitionspolitik.
Die Investitionsstrategie der DIC Asset AG zielt auf die Weiterentwicklung eines qualitätsorientierten, ertragsstarken und regional diversifizierten Portfolios.
Das betreute Immobilienvermögen beläuft sich auf 230 Objekten mit einem Marktwert von 3,2 Mrd. EUR bzw. das anteilige Immobilienvermögen auf rund 2,3 Mrd. EUR. Das Immobilienportfolio ist in zwei Segmente gegliedert: Das „Commercial Portfolio“ (2,1 Mrd. EUR) umfasst Bestandsimmobilien mit langfristigen Mietverträgen und attraktiven Mietrenditen. Das Segment „Co-Investments“ (anteilig 0,2 Mrd. EUR) führt Fondsbeteiligungen, Joint Venture-Investments und Beteiligungen bei Projektentwicklungen zusammen. Eigene Immobilienmanagement-Teams an sechs Standorten an regionalen Portfolio-Schwerpunkten betreuen die Mieter direkt. Diese Marktpräsenz und -expertise schafft die Basis für den Erhalt und die Steigerung von Erträgen und Immobilienwerten. Die DIC Asset AG ist seit Juni 2006 im SDAX notiert und im internationalen EPRA-Index für die bedeutendsten Immobilienunternehmen in Europa vertreten.
Die 2002 etablierte DIC Asset AG mit Sitz in Frankfurt am Main ist ein Immobilienunternehmen mit ausschließlichem Anlagefokus auf Gewerbeimmobilien in Deutschland und renditeorientierter Investitionspolitik.
Die Investitionsstrategie der DIC Asset AG zielt auf die Weiterentwicklung eines qualitätsorientierten, ertragsstarken und regional diversifizierten Portfolios.
Das betreute Immobilienvermögen beläuft sich auf 230 Objekten mit einem Marktwert von 3,2 Mrd. EUR bzw. das anteilige Immobilienvermögen auf rund 2,3 Mrd. EUR. Das Immobilienportfolio ist in zwei Segmente gegliedert: Das „Commercial Portfolio“ (2,1 Mrd. EUR) umfasst Bestandsimmobilien mit langfristigen Mietverträgen und attraktiven Mietrenditen. Das Segment „Co-Investments“ (anteilig 0,2 Mrd. EUR) führt Fondsbeteiligungen, Joint Venture-Investments und Beteiligungen bei Projektentwicklungen zusammen. Eigene Immobilienmanagement-Teams an sechs Standorten an regionalen Portfolio-Schwerpunkten betreuen die Mieter direkt. Diese Marktpräsenz und -expertise schafft die Basis für den Erhalt und die Steigerung von Erträgen und Immobilienwerten. Die DIC Asset AG ist seit Juni 2006 im SDAX notiert und im internationalen EPRA-Index für die bedeutendsten Immobilienunternehmen in Europa vertreten.
Wer kennt es nicht, diese herrliche Vorfreude nach einem langen Arbeitstag auf ein leckeres, unkompliziertes Abendessen – am liebsten ganz gemütlich auf dem Sofa. Einkuscheln und genießen lautet das Motto.
Auch Restaurants und Cafes entdecken diesen Trend zu mehr Gemütlichkeit, die einen Gegenpol zum immer hektischer werdenden Arbeitsleben darstellt. Ein Lounge-artiges Ambiente vermittelt schon beim Anblick Entspannung pur.
Große Ohrensessel und -sofas schaffen nicht nur eine gemütliche, sondern auch eine intime Atmosphäre. Selbst verständlich befindet sich die Höhe der Sessel und Sofas in normaler Stuhlhöhe, damit man nicht nur entspannt, sondern auch kultiviert mit Messer und Gabel essen kann. Ohrensessel schaffen zudem durch ihre „Ohren“ eine akustische Abkopplung vom Geschehen rundum und somit eine intime, ungestörte Atmosphäre.
Cocktailsessel, wie etwa das Modell „Fritz“, werden nicht nur in Lounges, sondern auch sehr gerne in kleinen Sitzgruppen in Cafes und Tagesgastronomien eingesetzt. Sie assoziieren Behaglichkeit bei relativ geringem Platzbedarf – ideal für kleine Räume.
Hoch auflösende Bilder gerne über Silvia Rütter Kommunikation.
Wenn ein Traditionsunternehmen der Möbelherstellung mit einem jungen Team in die Zukunft zieht, ist die Richtung schon vorgezeichnet: Qualität. Das Know-how um handwerkliche, hochwertige Herstellung erhält eine neue Dimension: Design. Den Experten von Schnieder ist das Material \“Holz\“ aus Tradition vertraut. Am Standort Lüdinghausen werden noch Leisten gebogen, es wird genutet und gezapft. Handwerk geht einher mit moderner Maschinentechnik. Zu den Kunden des innovativen, 60-köpfigen Teams zählen unter anderem Restaurants, Bäckereien, Hotels, Kantinen und die Szene-Gastronomie. Sie profitieren bei der Beratung von dem kombinierten Wissen von Gastronomie- und Möbelexperten. So entstehen hochwertige, anspruchsvolle und langlebige Lösungen. Mit ihrem Qualitätsanspruch und der konsequenten Fertigung im Münsterland bricht die Stuhlfabrik ganz bewusst eine Lanze für den Produktionsstandort Deutschland. Das flächendeckende Vertriebsnetz in Deutschland und seine Strukturierung mit Regionalbüros garantiert schnell verfügbare Ansprechpartner.
Derzeit entwickelt sich ein Möbeltrend, der sich an einer Formensprache von Leichtigkeit und Klarheit orientiert. Ein Beispiel für diese Entwicklung ist der Stuhl „Train“ von Schnieder. Er basiert auf einem Untergestell aus Eiche, welches den Eindruck einer Wange erweckt. Die Sitzschale wirkt filigran, weiblich und doch geradlinig – die Polsterung passt sich der leichten Ausstrahlung der Stühle an, betont die schwungvolle Form der Sitzschale und erhöht den ohnehin schon hohen Sitzkomfort zusätzlich. Je nach Polsterfarbe und -muster geben sich die Stühle zurückhaltend-edel oder als selbstbewusstes Ausrufezeichen der Einrichtung.
Der Hocker 10769 zeigt einmal mehr, dass Barhocker ebenso bequem wie Stühle sein können und dabei trotzdem optisch elegant und schlank wirken können. Die Sitzschale besteht aus ergonomisch gebogenem Formsperrholz und ermöglicht ein entspanntes, flexibles Sitzen – weil der Rücken stets in Bewegung bleibt. Dabei bildet die Form der Sitzschale einen interessanten Spannungsbogen. Der gesteigerte Komfort kommt durch die komplette Umpolsterung der Sitzschale zustande. Der Hocker 10769 ist eine ideale Ergänzung zu den Schnieder-Stühlen „Lotte“ und „Train“.
Das Sofa 40925 zeigt sich elegant mit einem leicht nach außen geneigten Rücken sowie Seitenteilen. Die Unterkonstruktion mit den nach unten konisch zulaufenden Stollen unterstreicht die Leichtigkeit des Designs. Wie alle Möbel von Schnieder, ist auch dieses Sofa handwerklich mit einem massiv verzargten Rahmen gefertigt. Zu haben als Zweisitzer in der Breite 138 cm oder als Dreisitzer in der Breite 198 cm, macht die Polsterbank mit einer Sitzhöhe von 46 cm sowohl in Wartebereichen, im Restaurant, in der Lounge und auf dem Hotelzimmer eine gute Figur.
Hoch auflösende Bilder von allen Artikeln gerne auf Anfrage bei Silvia Rütter Kommunikation.
Wenn ein Traditionsunternehmen der Möbelherstellung mit einem jungen Team in die Zukunft zieht, ist die Richtung schon vorgezeichnet: Qualität. Das Know-how um handwerkliche, hochwertige Herstellung erhält eine neue Dimension: Design. Den Experten von Schnieder ist das Material \“Holz\“ aus Tradition vertraut. Am Standort Lüdinghausen werden noch Leisten gebogen, es wird genutet und gezapft. Handwerk geht einher mit moderner Maschinentechnik. Zu den Kunden des innovativen, 60-köpfigen Teams zählen unter anderem Restaurants, Bäckereien, Hotels, Kantinen und die Szene-Gastronomie. Sie profitieren bei der Beratung von dem kombinierten Wissen von Gastronomie- und Möbelexperten. So entstehen hochwertige, anspruchsvolle und langlebige Lösungen. Mit ihrem Qualitätsanspruch und der konsequenten Fertigung im Münsterland bricht die Stuhlfabrik ganz bewusst eine Lanze für den Produktionsstandort Deutschland. Das flächendeckende Vertriebsnetz in Deutschland und seine Strukturierung mit Regionalbüros garantiert schnell verfügbare Ansprechpartner.
ja@silvia-ruetter.dehttp://www.silvia-ruetter.de
New Post has been published on http://www.hasselwander.co.uk/nachhaltigkeit-und-umweltschutz-auch-bei-druckprodukten/Nachhaltigkeit und Umweltschutz - auch bei DruckproduktenViele Unternehmen stellen sich immer häufiger nachhaltig auf. Auch ihre Drucksachen müssen dann umweltfreundlich sein. Dabei unterstützen auf Nachhaltigkeit konzentrierte Druckereien wie Das Druckhaus Beineke Dickmanns aus Korschenbroich.
Das Druckhaus Beineke Dickmanns GmbH ist Partner für Gestaltung, Druck und Verarbeitung.
In der gesamten Wirtschaft wird Nachhaltigkeit immer wichtiger. Ob bei der Mitarbeiterführung, den Ressourcen oder den Lieferketten: Unternehmen achten darauf, dass sie fair und sozial und ökologisch einwandfrei vorgehen – denn das wollen auch gewerbliche Kunden, und sie achten immer mehr auf solche Aspekte bei der Auswahl ihrer Partner. Da darf das Marketing nicht nachstehen, sonst betreibt ein Unternehmer sogenanntes „Green Washing“, tut also nur so, als sei er nachhaltig, ist es aber eigentlich gar nicht. Und das wiederum fällt denen, die sich mit Nachhaltigkeit und Umweltschutz auseinandersetzen, negativ auf.
Dabei lässt sich auch das Marketing wirklich nachhaltig gestalten. Zum Beispiel durch eine umweltfreundliche Herstellung bei allen Drucksachen, sagt Uli Beineke. Er führt gemeinsam mit Jakob Dickmanns Das Druckhaus Beineke Dickmanns in Korschenbroich, einen mittelständischen Druckspezialisten. Sie haben ihren Betrieb konsequent auf Umweltschutz und Nachhaltigkeit getrimmt. „Gemeinsam mit auf Ökologie und Nachhaltigkeit konzentrierte Druckereien können Unternehmer sich diesem Thema voll und ganz widmen: Angefangen bei der ausschließlichen Nutzung von Ökostrom reicht die Bandbreite der Möglichkeiten über ressourcensparende Produktionsabläufe und die Verwendung zertifizierter Papiere bis zum klimaneutralen Druck. Vor allem die beiden letztgenannten Punkte stehen bei der nachhaltigen Produktion von Werbematerialien wie Mailings, Flyer etc. im Vordergrund“, führt Jakob Dickmanns aus.
Konsequent bedeutet für die Inhaber auch wirklich konsequent. Deshalb gehört Das Druckhaus zu den ersten Druckereien bundesweit, die klimaneutralen Druck einsetzen. „Beim klimaneutralen Drucken wird die Menge an Emissionen, die beim Druckprozess entsteht, durch die Förderung von beispielsweise einem Windpark oder Wasserkraftwerk irgendwo auf der Welt eingespart. Da sich klimaschädliche Gase gleichmäßig verteilen, ist es unerheblich, wo in der Welt das CO2 verursacht und wo es eingespart wird“, sagt Uli Beineke, dessen Unternehmen dafür mit der anerkannten Organisation ClimatePartners zusammenarbeitet und alle neutralen Druckprodukte mit deren Siegel kennzeichnet.
Dass Druckereien auch bei der Papierverwendung nachhaltig sind, zeigen Siegel und Zertifikaten, die internationale Organisationen vergeben. „Wer sie nutzen darf, ist in Sachen Nachhaltigkeit gut aufgestellt und ein verlässlicher Partner für werbetreibende Unternehmen“, sagt Dickmanns. Ein Beispiel: das FSC-Siegel des Forest Steward Ship Council, einer internationalen gemeinnützigen Organisation, die das erste System zur Zertifizierung verantwortungsvoller Forstwirtschaft aufgestellt hat, betreibt und weiterentwickelt. Das FSC-System übernimmt die Kontrollfunktion vom Rohstoffanbau bis hin zur Verarbeitung des hergestellten Papieres beim Drucker. „Damit ein Papier mit dem FSC-Label gekennzeichnet werden darf, muss die Rückverfolgung bis zum Ursprung des eingesetzten Holzes gewährleistet sein. Jedes Unternehmen in der Handels- und Verarbeitungskette muss FSC-zertifiziert sein, jedoch nicht der Endkunde“, erläutert Uli Beineke.
Ein weiteres renommiertes Siegel über das Das Druckhaus verfügt, ist PEFC (Program for the Endorsement of Forest Certification Schemes); außerdem werden umweltfreundlich hergestellte Papiere (Blauer Engel, EU-Blume, Nordic Swan) bevorzugt eingesetzt.
Über Das Druckhaus
Wenn sich Unternehmen heute umfassend präsentieren wollen, müssen sie sowohl die klassischen als auch die neuen Medien professionell bedienen und Produkte schaffen, die sie unverwechselbar machen und ihre Zielgruppen perfekt adressieren. Das Druckhaus Beineke Dickmanns GmbH ist für Unternehmen traditionell der richtige Partner bei allen Fragestellungen rund um Gestaltung, Druck und Produktion. Die von Uli Beineke und Jakob Dickmanns inhabergeführte Druckerei mit rund 60 Mitarbeitern ist im Rhein-Kreis Neuss angesiedelt und betreut Unternehmen aller Größen, Werbeagenturen  und die Hotellerie. Geboten wird die gesamte Palette von Dienstleistungen rund um klassische und neue Medien, ob im Offsetdruck, Digitaldruck oder Internet-Services. Als vollstufiger Druckereibetrieb liefert Das Druckhaus zudem den kompletten Service rund um die Medienproduktion aus einer Hand – von der Auftragsannahme bis zu den Bereichen Lagerung, Logistik und Versand. Selbstverständlich gehört auch die Creation zu den Leistungen des vielfach ausgezeichneten Unternehmens: Der Anspruch von Das Druckhaus ist es, gemeinsam mit dem Kunden individuelle Lösungen für die Print- und Internet-Unternehmenskommunikation zu entwickeln. Die Bandbreite der Print-Produkte reicht  von der Visitenkarte bis zum hochwertigen Buch oder Geschäftsbericht. Gedruckt wird in drei Schichten rund um die Uhr mit modernsten Maschinen, um auch kurzfristig hochwertige und umfangreiche Produktionen abwickeln zu können. Im Internet-Bereich werden von der Firmen-Website über Web2Print-Portale bis zu individuellen Shop-Systemen alle Kunden-Anforderungen umgesetzt. Aufgrund der internationalen Ausrichtung der Kunden hat Das Druckhaus auch Übersetzungstätigkeiten in zahlreiche Sprachen (auch mit einem Fokus auf Russland und Asien) implementiert und arbeitet nach der europäischen Übersetzungsnorm EN 15038. Für Das Druckhaus ist der Umweltschutz sehr wichtig, weshalb es den Kunden zahlreiche Möglichkeiten für eine ökologisch einwandfreie Produktion bietet. Als Spezialist für Digitaldruck fungiert das Schwesterunternehmen Das Druckhaus Digital in Düsseldorf (www.druckhaus-digital.de). Weitere Informationen: www.das-druckhaus.de
info@das-druckhaus.dewww.das-druckhaus.de
New Post has been published on http://www.hasselwander.co.uk/welche-muskelpartien-trainiert-ein-crosstrainer/Welche Muskelpartien trainiert ein Crosstrainer?
Crosstrainer sind bei der Ausstattung privater Fitnessräume ebenso beliebt wie als Equipment für professionelle Fitnessstudios. Auch Rehaeinrichtungen wie Kurkliniken und Physiotherapien gehören zu den Interessenten für diese Fitnessgeräte. Möchte man sich einen  Crosstrainer in München kaufen (http://fitness-equipment-shop.de/Crosstrainer:::1.html) oder anderswo, müssen jedoch einige Dinge beachtet werden. Das Hauptaugenmerk gilt hier der zulässigen Gesamtbelastung durch das Gewicht der künftigen Nutzer, nur so ist ein sicheres Training möglich. Man sollte sich immer nur einen Crosstrainer kaufen, der solide Werte bei der Standsicherheit bietet.
Crosstrainer in München kaufen – Welche Vorteile hat dieses Trainingsgerät?
In verschiedenen Studien (veröffentlicht in der Deutschen Zeitschrift für Sportmedizin) wurde festgestellt, dass bei einem Crosstrainer und einem Stairmaster im Vergleich zum Heimtrainer in Fahrradform eine geringere kardiale Belastung beim Training beobachtet wird. Die Belastung der Muskeln ist bei einem Crosstrainer dagegen deutlich höher. Einer der Gründe ist, dass wesentlich mehr Muskelgruppen beim Training auf einem Crosstrainer angesprochen werden. Ein Fahrradergometer trainiert vorwiegend die Bein- und Bauchmuskulatur, während der Sport auf dem Crosstrainer auch Auswirkungen auf die Po-, Rücken- und Armmuskulatur hat. Die zugrunde liegende Ursache ist, dass beim Crosstrainer Armhebel mit bedient werden müssen. Wer sich viel Freiraum bei der Gestaltung seines Trainings nutzbar machen möchte, sollte grundsätzlich nur einen Crosstrainer kaufen, bei denen auch ein Rückwärtslauf möglich ist
Was unterscheidet den Crosstrainer vom Ellipsentrainer?
Das wichtigste Erkennungsmerkmal der Crosstrainer ist das hinten sitzende Schwungrad. Auf dem Crosstrainer vollführt der Körper des Nutzers eine erhebliche Auf-und-Ab-Bewegung bei einer vergleichsweise geringen Schrittlänge. Das heißt, dass hier Elemente des Treppensteigens mit den des Laufens verbunden werden. Auf einem Ellipsentrainer werden die Bewegungsabläufe beim Nordic Walking nachgebildet. Möchten sich Nutzer einen hochwertigen Crosstrainer in München kaufen, sollten sie darauf achten, dass er die Funktionen „Jogging“, „Langlauf“ und „Steppen“ mitbringt. 
Die präventive Wirkung der Crosstrainer
Rückenschmerzen gehören mit zu den Erkrankungen, von denen in Deutschland die meisten Ausfalltage verursacht werden. Pro Fall geben die Krankenkassen mehrere hundert Euro aus, wobei die Kosten der Lohnfortzahlungen auf Seiten der Arbeitgeber noch nicht einmal mit eingerechnet sind. Eine gut gestärkte Rücken- und Bauchmuskulatur kann die Belastungen der Wirbelsäule deutlich reduzieren und einen vorzeitigen Verschleiß der Wirbelgelenke und der Bandscheiben verhindern. Genau die dafür notwendigen Muskelpartien lassen sich mit einem Crosstrainer durch den möglichen Wechsel vom Vorwärtslauf zum Rückwärtslauf sehr effektiv trainieren. Wer sich einen Crosstrainer in München kaufen möchte, tätigt also eine sehr sinnvolle Investition in eine gesunde Zukunft.
Der Fitness Equipment Shop in München hat sich ganz auf Sportgeräte spezialisiert. Bei uns erhalten Sie Crosstrainer, Laufbänder und Rudergeräte für den Gebrauch als Heimtrainer ebenso wie Fitnessgeräte und sonstiges Equipment für den professionellen Bereich. Unser Service umfasst die kostenlose bayernweite Lieferung und Montage Ihrer Geräte, sodass Sie sich ganz auf Ihr Training konzentrieren können. In unserem Sortiment finden Sie die bewährten Produkte von Kettler sowie Geräte und Zubehör von weiteren erstklassigen Herstellern, die den täglichen Sport zum reinen Vergnügen machen. Ob Sie ein Ergometer suchen oder ein ganzes Fitnessstudio ausstatten möchten: Nehmen Sie noch heute mit uns Kontakt auf, wenn Sie Informationen zu unserem Sortiment wünschen.
pressemitteilung@regiohelden.dehttp://www.regiohelden.de/
New Post has been published on http://www.hasselwander.co.uk/ferienwohnungen-neubau-meeresblick-sauna-whirlpool-kamin-einbaukuecheglowe-insel-ruegen-bestlage-direkt-am-offenen-meer/Ferienwohnungen Neubau  Meeresblick Sauna Whirlpool Kamin Einbauküche*****Glowe Insel Rügen - Bestlage direkt am offenen MeerFerienwohnung Neubau Bestlage am Meer mit herrl Meeresblick Sauna Whirlpool Kamin Einbauküche
Neu! Ferienwohnungen Neubau direkt am offenen Meer mit herrlichem Meeresblick.Sauna Whirlpool Kamin Einbauküche Ostsee Insel Rügen.Diese Lage wird Sie überzeugen! Bestlage am Meer. Die wohl letzten Ferienwohnungen direkt am Meer wo eine Ferienhausvermietung möglich ist. Vermietungsservice und Reinigungsservice bieten wir seit 20 Jahren sehr erfolgreich an.Gerne können Sie einen Termin in unserem Büro vereinbaren, auch am Wochenende. Seit dem ARD Vergleich Sylt und Rügen wo die Insel Rügen als Sieger hervorging ist vielen klar – Insel Rügen hat die meisten Sonnenstrahlen und hier ist es am wärmsten.Übrigens Glowe hat eine sehr gute Infrastruktur. Einkaufsmarkt.Getränkemarkt.Zwei Bäckereien Geschäfte Restaurants eine sehr schöne Strandpromenade und den wohl schönsten und längsten Sandstrand.
info@ostseeparadies.dehttp://www.ostseeparadies.de
New Post has been published on http://www.hasselwander.co.uk/neues-eberspaecher-einbau-und-reparatur-zentrum/Neues Eberspächer Einbau- und Reparatur ZentrumJ.A. Schlüter Söhne erweitert seinen Service auf Eberspächer Standheizungen und Bootsheizungen J.A. Schlüter Söhne Hamburg
Hamburg, 12. August 2015 (jhs)
Der Hamburger Nutzfahrzeug- und Autozubehörspezialist J.A. Schlüter Söhne erweitert seinen Service jetzt auch auf Eberspächer Standheizungen und Bootsheizungen. Für wohlige Wärme an Bord zu sorgen ist bei Schlüter Söhne Tradition. Seit über 50 Jahren ist die Firma Vertragsgroßhändler für Eberspächer Heizgeräte. Das Angebot an Luft- und Wasserheizgeräten und Zubehörteilen – vom kleinen Boot bis zur großen Yacht, vom PKW bis zum LKW – ist vielfältig. Für alle Fahrzeug- und Bootstypen liefert der Großhändler Heizgeräte mit den jeweils passenden, individuell veränderbaren Bausätzen. Das spart Kosten für unnötige Teile. Die vom Werk geschulten Experten helfen den Kunden durch fachliche Beratung, im Verkauf, bei der Zubehörauswahl, der Ersatzteilsuche und bei allen Garantieleistungen. Neu zusätzlich ist jetzt der Service im Eberspächer EinbauZentrum für schnelle Reparaturen, Wartungen und Einbauten mit Kostenvoranschlägen aller Heizgeräte in der Schlüter Söhne Werkstatt oder bei Kunden vor Ort. Hotline +49 (0) 40 7881686. Das neue Angebot richtet sich an Fahrzeug- und Bootskunden. Weitere Informationen über den neuen Eberspächer Service bei Schlüter Söhne in Hamburg unter http://www.schlueter-soehne.de/ebersp%C3%A4cher/
J.A. Schlüter Söhne in Hamburg ist ein Kraftfahrzeug-Unternehmen mit einer über 200 Jahren langen Geschichte. Heute ist die Firma Vertragspartner der Daimler AG für Mercedes-Benz Transporter, LKW, Fuso, Truck &amp; Trailer Service sowie Vertragsgroßhändler und EinbauZentrum für Eberspächer Standheizungen und Kühltechnik, Aurora Klimasysteme für Nutzfahrzeuge
Sharp stellt heute zwei neue Full-HD-LCD-Displays für die visuelle Kommunikation vor. Der PN-E703 70″ und der PN-E603 60″ sind vor allem für Nutzer konzipiert, die eine einfache und in sich abgeschlossene Digital-Signage-Lösung suchen. Die PN-E-Monitore verfügen über ein äußerst flaches, robustes Edge-Lit-Gehäuse und über umfassende Ansteuerungsmöglichkeiten. Sie sind einfach zu integrieren und durch die automatische Temperaturregelung insbesondere auch für den Langzeitgebrauch ausgelegt.  
Beide Displays zeichnen sich durch eine hohe Bildqualität aus. Sharps spezielle UV²A-Technologie in Verbindung mit einer Full-HD-Auflösung von 1080 Pixel ermöglicht leuchtende Farbnuancen, klare Kontraste und eine präzise Wiedergabe von Bild und Text. 
Michael Bailly, Product Planning and Marketing Director bei Sharp Europe Visual Solutions, erklärt: „Die Nachfrage nach zuverlässigen Digital-Signage-Lösungen in Empfangsbereichen, Verkehrszentren und Veranstaltungsräumen steigt. Die beiden Monitore der PN-E-Baureihe sind mit der neuesten Sharp-Technologie ausgestattet, um auch im Dauerbetrieb höchste Bildqualität zu gewährleisten.“
Eigenschaften
Extrem flaches Profil
Die PN-E-Displays zeichnen sich durch ein elegantes Gehäusedesign mit schlankem Rahmen und geringer Bautiefe aus. Letztere beträgt durch die Edge-Lit LED-Hintergrundbeleuchtung nur 39,44 mm an der tiefsten Stelle. Durch die optische Anpassung an die helligkeitsoptimierten PN-R Displays von Sharp profitieren Nutzer nun von einem einheitlichen Design. 
Leichte Bauweise
Durch die Leichtbauweise der Monitore (43 kg/32 kg) sind sie in jeglicher Umgebung einfach zu handhaben und zu installieren. 
Dauertrieb
Die PN-E-Modelle sind für anspruchsvolle Umgebungen konzipiert, in denen ein Betrieb rund um die Uhr von ausschlaggebender Bedeutung ist. Beide Modelle sind zudem mit dem Energy Star zertifiziert, der sie für einen wartungsarmen, kosteneffizienten Betrieb auszeichnet. 
Spiegel-Anzeigemodus
Der Spiegel-Modus ermöglicht Nutzern die Verknüpfung der Bildschirmdarstellung auf verschiedenen PN-E-Monitoren. Diese Simultananzeige über mehrere Monitore verstärkt die Wirkung von Werbebotschaften im öffentlichen Raum oder in der internen Kommunikation in Großraumbüros.
Dual-Screen-Display
Beide Modelle können in den Picture-by-Picture-Modus (PbP) geschaltet werden. Der Nutzer kann damit Bilder aus AV- und PC-Quellen nebeneinander am geteilten Bildschirm anzeigen.
Sharp Electronics (Europe) Limited mit Hauptsitz in London ist die europäische Tochtergesellschaft der Sharp Corporation in Japan, dem weltweit führenden Entwickler und Hersteller von Display-Technologien, Dokumentenmanagement-Lösungen und Photovoltaikprodukten. Das Unternehmen beschäftigt in Europa 3.600 Mitarbeiter an 26 Standorten, einschließlich Betriebsstätten, Forschungs- und Entwicklungseinrichtungen. Im Geschäftsjahr endend zum 31. März 2013 erzielte Sharp einen konsolidierten Jahresumsatz von 174,3 Milliarden Yen. Weitere Infos unter www.sharp.eu
Die Sanddorn-Kosmetik gehört zu den beliebtesten Produkten des Naturkosmetikherstellers aus dem Osnabrücker Land. „Seit fünfzehn Jahren ist alva mit diesem Anti-Aging-System erfolgreich am Markt und die vielen positiven Reaktionen der Nutzerinnen haben gezeigt, dass wir mit unserem Angebot genau richtig liegen“, beschreibt alva-Geschäftsführerin Carola Palm die Entwicklung der Sanddorn-Kosmetik. „Und das liegt eindeutig an den besonders hautpflegenden Eigenschaften des Bio-Sanddornöls. Aber auch an dem großen Vertrauen, das uns unsere Kundinnen entgegenbringen. alva steht seit jeher für Premiumprodukte, deren Inhaltsstoffe nach Qualität und nicht nach Preis ausgewählt werden. Immer mehr Frauen wenden sich genau deshalb ganz bewusst von konventioneller Kosmetik ab und suchen nach Marken, denen sie vertrauen können“, so Carola Palm weiter.
Dieses Vertrauen genießt alvas Sanddorn-Serie mit einer ständig wachsenden Fangemeinde. Zum fünfzehnjährigen Bestehen der Serie spendiert alva ein neues Produktdesign und passt bei vielen Sanddorn-Produkten zusätzlich die Verpackungsgrößen auf den optimalen Bedarf der Kundinnen an. Zur Vivaness 2016 wird die Serie um eine Sanddorn Vital Creme ergänzt.
Das goldfarbene und kaltgepresste Öl des Sanddorns hat nicht nur hautpflegende Eigenschaften. Es gilt schon immer als wirksamer Schutz gegen die Folgen von zu viel UV-Licht. Das Sanddorn-Hautöl begünstigt beispielsweise die Heilung eines leichten Sonnenbrandes über Nacht um 93 Prozent und ist damit ganz nebenbei ein perfektes After Sun. Die Produkte der Sanddorn-Serie sind reich an Provitamin A, Vitamin E und ungesättigten Fettsäuren. Deshalb sind sie ideal für die trockene und normale Haut. Kombiniert mit genau aufeinander abgestimmten Wirkstoffen aus Bio-Jojobaöl, Cupuacubutter, Bio-Sheabutter und Hyaluronsäure ist die Sanddorn-Serie von alva eine tief pflegende, hoch effiziente Premium-Kosmetik für anspruchsvolle Frauen.
Eine Vielzahl von unabhängigen dermatologischen Studien belegen die außergewöhnliche Wirkung: In vier Wochen reduzierte sich danach die Hautfaltentiefe bei Probandinnen um bis zu 29,3% und die Feuchtigkeit der Haut wurde gleichzeitig um bis zu 76% erhöht. alva bezieht sein Sanddornöl ausschließlich von einer Bio-Sanddorn-Plantage in Norddeutschland. Dies garantiert umweltfreundliche, kurze Wege und gesicherte, höchste Qualität. Die Zeitschrift Ökotest hat Produkte der Sanddorn-Serie mehrfach mit „sehr gut“ bewertet. 
Bildunterschrift: Sanddorn – die Zitrone des Nordens
Ursprünglich kommt die Frucht aus Nepal. Und man findet Sanddorn praktisch rund um den Globus. In Sibirien, China und im Kaukasus, aber auch im Schwarzwald oder in den Alpen. Und natürlich an den nordeuropäischen Küsten, wo Sanddorn die Zitrone des Nordens genannt wird. Die Früchte sind nämlich ziemlich sauer. Dafür sind sie aber wahre Wohltäter für Haut und Körper.
Foto: fotolia
Die alva naturkosmetik gmbh gilt seit rund 30 Jahren als anerkannter Spezialist auf dem Gebiet der Naturkosmetik. Als eines der ersten Unternehmen auf dem Markt hat alva frühzeitig erkannt, dass Pflegeartikel nicht nur in puncto Wirksamkeit überzeugen müssen. Der Name alva steht deshalb seit der Unternehmensgründung für Premium-produkte, deren Inhaltsstoffe nach Qualität und nicht nach Preiskriterien ausgewählt werden. Als vertrauensvoller Partner von Handel und Verbrauchern trägt alva Verantwortung für eine nachhaltige und ressourcenschonende Produktion. Ehrlichkeit und Transparenz haben in drei Jahrzehnten für viele zufriedene Kunden in über 40 Ländern weltweit gesorgt.
Wenn Singles auf Partnersuche nach individuellem Perfektionismus suchen, nur beste Qualität bereit sind zu akzeptieren, gibt es sehr wenige Lösungen.  Tim Taylor Partner Computer Group Inc (http://www.partner-computer-group.com). – Geschichte, Emotion und Innovation. Klein ist das Kürzel TTPCG Inc. – gewaltig sind die Leistungen dahinter! Bereits im Jahr 1982 führte Tim Taylor  die Partnervermittlung nach einer wissenschaftlichen Methode ein. TTPCG ist der Erfinder dieser Art der Partnervermittlung. Erst rund 20 Jahre später haben Wettbewerber die Vorteile dieser Vermittlungsmethode für sich entdeckt. 
Die Siege im Rennen um Kunden sind bedeutende Erfolge
Durch das Verschmelzen der offline und online Partnervermittlung in perfekter Form, hat TTPCG eine völlig neue Art der Branche Singlebörsen/Partnervermittlungen generiert.
Tim Taylor Partner Computer Group veränderte sich mit der Geburt des neuen Medium Internet immer mehr in Richtung Singlebörse. Es wurde ein Weg gefunden, der es ermöglichte, die Vorteile der off- und online Partnervermittlung optimal zu verbinden und dazu noch die spezifischen Nachteile beider Geschäftsmodelle zu negieren. Das ist TTPCG ab 1999 perfekt gelungen. Das Preisniveau orientiert sich an Singlebörsen und die Vielzahl der aussergewöhnlichen Premium-Leistungen für Tim Taylor Mitglieder liegt weit über dem, was klassische Partnervermittlungen bieten und leisten können.
Eine Geschäftsidee geht um die Welt
Tim Taylor Partner Computer Group ist in 21 Ländermärkten vertreten. Ob im Mutterland den USA, oder in Fernost oder in Europa. Derzeit werden die Strukturen in Luxemburg geschaffen. Neu im weltweiten Tim Taylor Team ist die TTPCG Center Manager Agentur Maria von Linz, die neben dem deutschen Bundesland Rheinland-Pfalz auch für die erforderlichen Vertriebsstrukturen in Luxemburg sorgt. Singleberater im weltweiten Team der  TTPCG (http://www.ttpcg.com) ist ein Beruf mit Zukunft.  Geben Sie in Ihre Suchmaschine doch mal Tim Taylor Singleberater ein. Erfolgreich wurde das Unternehmen TTPCG durch eine einmalige Unternehmensaufstellung und die  Tim Taylor Vorteile  (http://einmaligttpcg.blogspot.com)für Kunden und Teammitglieder, die weltweit kein Wettbewerber bieten kann.
Sie haben einen Pressebericht der Journalistin Jane Hustings, Ponca City, OK 74601 USA gelesen. Vielen Dank dafür! Der Bericht erschien zuerst englisch im Magazin Life and Love.
Wildfire Tierra de Encanto Marketing macht Werbung für aussergewöhnliche Unternehmen. Als eines der führenden Unternehmen in den USA machen wir PR für aussergewöhnliche Firmen weltweit. Ein Team von derzeit 85 Machern mit Biss ist ein Ideengarten für PR, das den Erfolg bringt. Unser Team aus New Mexico ist stolz darauf, die  Tim Taylor Partner Computer Group Inc. in Sachen Public Relations rund um den Globus betreuen zu dürfen.
Düsseldorf, 12. August 2015 – Maarten-Joost Möller unterstützt ab sofort den Bereich Research &amp; Development beim chinesischen Hightech-Spezialisten Hisense. Der ehemalige Produkttrainer und Produkttester für CE/TV/Profi Displays ist für die Sicherung der Produktstandards und Bildqualität zuständig. 
Morris Luo, Geschäftsführer von Hisense Deutschland: „Wir sind sehr erfreut Herrn Möller im Team begrüßen zu dürfen. Mit ihm haben wir einen kompetenten Mitarbeiter für unser Softwaretesting gefunden. Seine Erfahrungen als ehemaliger Testlaborleiter und Produkttrainer sind eine große Bereicherung für unsere Qualitätssicherung.“
Maarten-Joost Möller kann als ehemaliger Leiter eines IT- und CE-Testlabors für TV und Profi Displays auf einen vielfältigen  Erfahrungsschatz zurückgreifen. Neben dem Kerngeschäft koordinierte er unter anderem R&amp;D-Aufträge und führte Schulungen für die Fachpresse durch. Zudem war er selbstständiger Produkttrainer für Consumer Electronics im Auftrag von Toshiba und jahrelang als IT-Supporter mit Fokus auf Beratung, Installation und Administration tätig. 
Das 1969 in China gegründete Hightech-Unternehmen Hisense zählt zu den weltweit führenden Herstellern von TVs, Haushaltsgeräten (Kühlschränke, Waschmaschinen, Küchengeräte) sowie Klimaanlagen, Smartphones, Tablets und Unterhaltungselektronik. Hisense investiert kontinuierlich in technologische Forschung und Entwicklung. Mit einem internationalen Team von rund 75.000 Mitarbeiterinnen und Mitarbeitern verwirklicht das Unternehmen seine Vision, eine der führenden Weltmarken zu werden. Hisense verfügt über 16 Produktionsstandorte und elf F&amp;E-Einrichtungen rund um den Globus sowie regionale Vertretungen in Europa, Nordamerika, Australien, Afrika und Südostasien. Aktuell werden die Produkte des Unternehmens in über 130 Ländern angeboten.
Hisense Europe und die deutsche Niederlassung haben ihren Sitz in Düsseldorf. Hier ist auch das europäische Forschungs- und Entwicklungszentrum angesiedelt. Weitere europäische Niederlassungen gibt es im Vereinigten Königreich, Spanien, Italien und Frankreich. Mehr Informationen auch unter www.hisense.de oder www.hisense.com.
hisense@united.dehttp://www.united.de
New Post has been published on http://www.hasselwander.co.uk/wann-gilt-eine-kuendigung-des-arbeitsvertrages-als-zugestellt/Wann gilt eine Kündigung des Arbeitsvertrages als zugestellt?
Ein Arbeitsvertrag kann nur schriftlich gekündigt werden. Die Schriftform ergibt sich aus den Regelungen des Paragrafen 623 BGB, der eine Übermittlung der Kündigung in elektronischer Form ausdrücklich ausschließt. Vom Arbeitgeber sind je nach Dauer des Arbeitsverhältnisses unterschiedliche Kündigungsfristen einzuhalten, die sich aus dem Paragrafen 622 BGB ergeben. Aus diesem Grund ist der Nachweis des Zugangstermins einer Kündigung des Arbeitsvertrags für den Kündigenden besonders wichtig.
Für die Übergabe der Kündigung sind verschiedene Wege möglich. Grundsätzlich gilt eine Kündigung immer dann als zugestellt, wenn sie so in den Einflussbereich des Empfängers gelangt ist, dass unter normalen Umständen mit einer Kenntnisnahme gerechnet werden konnte. Allerdings weist ein  Fachanwalt für Arbeitsrecht (http://www.kitzmann.com/) darauf hin, dass mit einigen Arten der Zustellung erhebliche Risiken verbunden sind. Der dabei zu beachtende Risikofaktor ist die Nachweisbarkeit, da der Kündigende stets die Beweislast für den Zugang der Kündigung trägt.
Welche Arten der Zustellung von Kündigungen sind geeignet?
Der Arbeitgeber könnte die Kündigung zum Arbeitsvertrag persönlich übergeben. Um später Beweise zu haben, sollte er sich die Übergabe vom Empfänger quittieren lassen. Alternativ wäre die Übergabe der Kündigung im Beisein von Zeugen möglich. Mit einem solchen Nachweis hätte ein Fachanwalt für Arbeitsrecht keine Chance, den wirksamen Zugang einer Kündigung anzufechten. Das gilt auch dann, wenn die Kündigung im Beisein von Zeugen persönlich in den Briefkasten des Empfängers eingelegt wird. Inzwischen wird die Übergabe sogar als wirksam anerkannt, wenn die Kündigung unter der Wohnungstür hindurch geschoben oder durch ein geöffnetes Fenster eingeworfen wird. Zu beachten ist hierbei, dass es auch Zeugen geben muss, die bestätigen können, dass sich in dem derart zugestellten Umschlag tatsächlich die Kündigung des Arbeitsvertrags befunden hat.
Welche Übergabearten sind bei der Kündigung mit Problemen behaftet?
Beim Einwurfeinschreiben mangelt es durch die Praxis der Speicherung bei der Post später am so genannten Urkundenbeweis. Beim Übergabeeinschreiben gilt die Kündigung erst dann als wirksam zugestellt, wenn es sich der Empfänger bei der Post abgeholt hat. Außerdem kann der Empfänger in beiden Fällen später behaupten, es hätte sich ein leeres Blatt in dem Einwurfeinschreiben befunden.
Welche Übergaben der Kündigung sind nicht zu raten?
pressemitteilung@regiohelden.dehttp://www.regiohelden.de/
New Post has been published on http://www.hasselwander.co.uk/print24-com-erweitert-portfolio-%c2%adum-hochwertigen-buecherdruck/print24.com erweitert Portfolio ­um hochwertigen BücherdruckMit Onlinedruckerei zum verlagsunabhängigen Buch
(Mynewsdesk) Deutschland, Radebeul. – Die Onlinedruckerei UNITEDPRINT SE mit ihrer bekanntesten Marke print24.com bietet ihren Kunden nun auch die Möglichkeit des Bücherdrucks. Die qualitativ hochwertigen Produkte sind zudem im „Auflage-1-Programm“ verfügbar und somit bereits in Kleinst- und Einzelauflagen kostengünstig bestellbar.
„Mit der erneuten Erweiterung unseres Portfolios bieten wir professionellen Wiederverkäufern und Endkunden nun die Möglichkeit, Bücher auch verlagsunabhängig und bereits ab 1 Stück zu bestellen.“, sagt Ali Jason Bazooband, Marketingvorstand von print24.com. “Im Gegensatz zu unseren Mitbewerbern bieten wir unseren Kunden Bücher in einer Vielzahl von Formaten an. Neben den gängigen Ausführungen in DIN A4 und DIN A5, können bei uns Bücher z.B. auch im klassischen Taschenbuchformat bestellt werden.”
Mit den erstklassigen Büchern im Hard- und Softcover lassen sich auf bis zu 996 Seiten nicht nur eigene Textwerke verewigen, sondern auch edle Produktkataloge oder hochwertige Firmen- und Vereinschroniken umsetzen. Zahlreiche Veredelungsoptionen, sowie passende Schutzumschläge machen die Bücher von print24.com zu einem vielseitig einsetzbaren Produkt der Extraklasse.
print24.com ist eine Marke der UNITEDPRINT SE. UNITEDPRINT SE gehört mit seinen Marken print24, Easyprint, unitedprint, firstprint, getprint und printwhat zu einer der global führenden Onlinedruckereien. Das Unternehmen bietet seinen Kunden neben klassischen Printprodukten wie Flyer, Plakate, Postkarten, Visitenkarten und Briefpapier auch hochwertige Produkte aus den Bereichen Textildruck, Fotodruck, Großformatdruck und dem Gastronomiebedarf. Über 700 Mitarbeiter arbeiten 24 Stunden rund um die Uhr mit modernster Technologie auf über 10.000 m² Produktionsfläche. Standorte befinden sich weltweit in 26 Ländern – Belgien, Brasilien, China, Dänemark, Deutschland, Finnland, Frankreich, Griechenland, Großbritannien, Irland, Italien, Kanada, Luxemburg, Niederlande, Norwegen, Österreich, Polen, Portugal, Schweden, Schweiz, Slowakei, Slowenien, Spanien, Tschechien, Ungarn und USA.
Shortlink zu dieser Pressemitteilung:http://shortpr.com/gww7gc
Permanentlink zu dieser Pressemitteilung:http://www.themenportal.de/unternehmen/print24-com-erweitert-portfolio-um-hochwertigen-buecherdruck
print24.com ist eine Marke der UNITEDPRINT SE. UNITEDPRINT SE gehört mit seinen Marken print24, Easyprint, unitedprint, firstprint, getprint und printwhat zu einer der global führenden Onlinedruckereien. Das Unternehmen bietet seinen Kunden neben klassischen Printprodukten wie Flyer, Plakate, Postkarten, Visitenkarten und Briefpapier auch hochwertige Produkte aus den Bereichen Textildruck, Fotodruck, Großformatdruck und dem Gastronomiebedarf. Über 700 Mitarbeiter arbeiten 24 Stunden rund um die Uhr mit modernster Technologie auf über 10.000 m² Produktionsfläche. Standorte befinden sich weltweit in 26 Ländern  Belgien, Brasilien, China, Dänemark, Deutschland, Finnland, Frankreich, Griechenland, Großbritannien, Irland, Italien, Kanada, Luxemburg, Niederlande, Norwegen, Österreich, Polen, Portugal, Schweden, Schweiz, Slowakei, Slowenien, Spanien, Tschechien, Ungarn und USA.
presse@unitedprint.comwww.unitedprint.de
New Post has been published on http://www.hasselwander.co.uk/was-ihr-blutdruck-ihnen-zu-sagen-versucht/Was Ihr Blutdruck Ihnen zu sagen versuchtBluthochdruck ist der Hauptrisikofaktor für die häufigsten Todesursachen in Friedenszeiten: Die Herz-Kreislauf-Krankheiten
von Dr. Johann Georg Schnitzer 
Bei dieser Analyse geht es ausdrücklich  n i c h t  um jene Erhöhungen Ihres Blutdrucks, die durch äußere Umstände ausgelöst werden können, wie z.B. 
– durch die einer kalten Enteignung nahe kommende Höhe Ihrer Abgabenlast und die Feststellung des Bundesverfassungsgerichts, dass diese auch dann nicht verfassungswidrig sei, wenn sie mehr als die Hälfte des von Ihnen erarbeiteten Bruttoeinkommens ausmacht; oder 
– durch die Ihnen dämmernde Erkenntnis, dass Kräfte, die nach globaler Hegemonie streben, strategischen Nutzen aus der Schwächung Europas durch Überflutung mit Flüchtlingsmassen anstreben könnten und z.B. deshalb Schleuser für den gefährlichen Transport über das Mittelmeer bezahlen oder auch gleich Kriegsschiffe dafür einsetzen; oder 
– durch die Ihnen aufkommende Vermutung, dass dahinter Kräfte mit einer mehr als 100 Jahre alten Strategie stecken könnten, die es auf keinen Fall es zu einer friedlichen Kooperation zwischen Russland und Europa kommen lassen will und, nachdem die russische Regierung sich als zu intelligent erwies um sich durch die von außerhalb gesteuerten Ukraine-Nadelstiche provozieren zu lassen, es nun von den selben dahinter steckenden Kräften mit einer Intensivierung der Flüchtlingsströme nach Europa versucht wird, mit der Absicht der inneren Schwächung Europas durch horrende Kosten, aufkommende Unruhen und Bürgerkriege; oder 
– durch die Sie schockierende Wahrnehmung, dass die eigenen Politiker diesen strategischen Hintergrund nicht erkennen wollen oder absichtlich ignorieren, und dass sie nicht frei in ihren Entscheidungen, sondern an geheime Weisungen von Besatzungsmächten gebunden sind, vielleicht sogar erpresst werden und deshalb gegen die Interessen der eigenen Bevölkerung handeln oder untätig bleiben.
Nein, um diese äußeren Ursachen erhöhten Blutdrucks geht es bei dieser Analyse ausdrücklich nicht, zumal diese Vorgänge von den meisten, mit persönlichen Problemen und Interessen voll beschäftigten Europäern gar nicht richtig wahrgenommen werden und daher auch keinen Anstieg ihres Blutdrucks, sondern höchstens ein späteres böses Erwachen bewirken können.
Vielmehr geht es bei dieser Analyse um den Blutdruck, den Sie selber in völliger Ruhe und Entspanntheit sitzend in einem Stuhl selber messen können, und von dem die Weltgesundheitsorganisation WHO sagt, dass er 140/90 mm/Hg nicht übersteigen soll, weil sonst Bluthochdruck vorliegt (essentielle Hypertonie; essentiell bedeutet „Ursache unbekannt“). 
Bluthochdruck ist der Hauptrisikofaktor für die häufigsten Todesursachen in Friedenszeiten, die Herz-Kreislauf-Krankheiten. Etwa die Hälfte aller in zivilisierten Ländern lebenden Menschen verstirbt daran. Als Normalbereich des Blutdrucks werden ca. 120/75 bis 140/90 mm/Hg angesehen. 
Der jeweils zuerst genannte Wert wird systolischer Blutdruck genannt. Die Systole ist das Kontrahieren (Zusammenziehen) des Herzmuskels, um das Blut in die Arterien zu befördern zur Versorgung aller Gewebe und Organe einschließlich des Gehirns mit Sauerstoff und Nährstoffen. Daneben erfüllt der Blutstrom weitere Aufgaben wie z.B. den Transport von Steuerungshormonen. Der Stoffaustausch findet durch die Basalmembranen (die dünnen Wände) der Blutkapillaren (der kleinsten Blutgefäße) statt.
Der zweite Wert wird als diastolischer Blutdruck bezeichnet. Die Diastole ist die Entspannungsphase des Herzmuskels, in der sich das Herz wieder mit über die Venen zurückfließendem Blut füllen kann. Dieses ist nun arm an Sauerstoff, weil es diesen ja in den Blutkapillaren an die Gewebe und Organe abgegeben hat, und es enthält stattdessen das „Abfallprodukt“ Kohlendioxid. Denn der gesunde Organismus gewinnt seine Energie durch Abbau von Nährstoffen, vor allem von Kohlenhydraten mithilfe des Sauerstoffs. Das Endprodukt ist Kohlendioxid.
Deshalb wird das durch die Venen zurück kommende Blut vom Herzen in einen zweiten Kreislauf geleitet, den Lungenkreislauf. In der Lunge wird das Kohlendioxid beim Ausatmen ausgeschieden und beim Einatmen wird frischer Sauerstoff aufgenommen. Das mit Sauerstoff angereicherte Blut fließt wieder zum Herzen zurück, um von dort nunmehr wieder in den Körperkreislauf geführt zu werden. 
Körper- und Lungenkreislauf bilden gewissermaßen eine Achterbahn, in deren Mitte das Herz sitzt, welche über zwei Herzkammern gleichzeitig beide Kreisläufe betreibt. Das Ganze ist perfekt durch ein Ventilklappensystem (Herzklappen) und mit einer autonomen Steuerung ausgestattet. Es kann, wenn es nicht durch Fehler des Besitzers beeinträchtigt wird, weit über 100 Jahre lang funktionieren, ohne überhaupt bemerkt zu werden. 
Wichtige Voraussetzungen dafür sind ein ausreichendes Lumen (lichte Weite, Innendurchmesser) der Blutkapillaren und eine ausreichend niedrige Viskosität (Dünnflüssigkeit) des Blutes. Dass beide Voraussetzungen in Ordnung sind, signalisiert ein Blutdruck, der in Ruhe sitzend gemessen nicht mehr als 140/90 mm/Hg beträgt. (mm/Hg bedeutet die Höhe einer Quecksilbersäule in Millimetern, die den Blutdruck beim Messen anzeigt). 
Was sagt Ihnen Ihr Blutdruck, wenn er den „Normalbereich von ca. 120/75 bis 140/90 mm/Hg über- oder unterschreitet? 
Ein systolischer Wert von mehr als 140 mm/Hg, in völliger Ruhe sitzend gemessen, bedeutet einen erhöhten Fließwiderstand in Ihren Blutkapillaren. Das Herz muss einen erhöhten Blutdruck erzeugen, um trotzdem alle Gewebe und Organe ausreichend mit frischem Blut und so mit Sauerstoff und Nährstoffen zu versorgen. So lange es dies erfolgreich tut, merken Sie nichts davon. 
Beschwerden bekommen Sie erst dann, wenn Ihr Herz damit Mühe hat, oder wenn in Unkenntnis dieses Zusammenhanges durch Einnahme von Bluthochdruckpillen Ihre autonome Blutdruckregulierung blockiert wird. Denn dann werden Ihre Gewebe und Organe nur noch ungenügend mit Sauerstoff und Nährstoffen versorgt. Blutdrucksenkende Pillen sind keine Lösung, sondern eine Verschlimmbesserung, weil die eigentlichen Ursachen fortbestehen, die autonome Blutdruckregulation blockiert ist und deshalb massive Beschwerden auftreten. Das Einzige, was bei Pilleneinnahme eventuell „normal“ erscheint, und auch das nur bei jedem zweiten Pillenschlucker, ist der gemessene Blutdruck. Die Herz-Kreislauf-Risiken bestehen fort und sind verantwortlich für fast 50% aller jährlichen Tödesfälle – trotz der ebenfalls jährlichen Milliarden-Umsätze mit Bluthochdruckpillen.
Ein diastolischer Wert von mehr als 90 mm/Hg bedeutet eine zu große Blutfülle. Ihr Herz-Kreislaufsystem enthält dann insgesamt zu viel Blut. Das hat seinen Grund in einem zu hohen Gehalt des Blutes an festen Blutzellen (Hämatokrit ab 42%), weshalb Ihr Regulationssystem versucht, durch Hinzufügen von Wasser in physiologischer Salzkonzentration (0,9% NaCl) das Blut zu verdünnen, wodurch die Gesamtmenge zu groß wird. Das geht umso besser, je mehr Salz verfügbar ist. Deshalb erhöht viel Salz den Bluthochdruck weiter, ist aber nicht dessen eigentliche Ursache.
Ab einem Gehalt von 42 Volumenprozent an festen Blutzellen aufwärts beginnt das Risiko von Schlaganfall, Herzinfarkt und Embolie. Ihr aktuelles Hämatokrit können Sie in jedem Arztlabor messen lassen. 
Dauert ein erhöhter Blutdruck längere Zeit an, so verstärkt sich durch den Trainingseffekt Ihre Herzmuskulatur ebenso wie beim Bodybuilding Ihr Bizeps. Bei vergrößertem Herzen aber werden die Ventilsitze der Herzklappen auseinander gezogen und schließen nicht mehr richtig. Die Herzleistung wird insuffizient (ungenügend). Jetzt empfiehlt das herrschende System die Implantierung künstlicher Herzklappen. Diese Operation am offenen Herzen ist ein großes Risiko für den Patienten und ein großes Geschäft für das System. 
Zu niedrige Blutdruckwerte zeigen eine Schwäche der Herz-Kreislauf-Systems an. Sie können z.B. nicht mehr schließende Herzklappen bedeuten, oder eine Schwäche des Herzmuskels z.B. nach einem überstandenen Herzinfarkt, oder auch eine Schwäche der Gefäßwände des Venensystems, sodass diese sich ausweiten. Dadurch können die den Rückfluss verhindernden Venenklappen nicht mehr schließen, und viel Blut staut sich in den Beinvenen (Krampfadern; Gefahr von Embolien in den Beinvenen mit nachfolgender Gefahr einer tödlichen Lungenembolie, wenn sich Teile eines Blutgerinnsels lösen und so in den Lungenkreislauf gelangen).
Wo aber sind die Grundursachen zu finden für die grassierende Herz-Kreislauf-Endemie in der Bevölkerung und damit auch für Ihr eigenes, entsprechend hohes Risiko? 
Diese liegen in der heute üblichen, von massiven Interessen gesteuerten, denaturierten und teils auch artfremden Zivilisationskost. Diese liefert auf der einen Seite zu wenig Lebens-Mittel mit Vitalstoffen wie Vitaminen, hoch ungesättigten Fettsäuren, Mineralstoffen, Spurenelementen und Enzymen, und enthält auf der anderen Seite zu viele extrahierte, tote Nahrungsmittel (Auszugsmehle, Industriezucker, Säfte) und mit ihrem von Tieren stammenden, für den Menschen artfremden Anteil einen großen Überschuss an Eiweiß. Dieser kann nicht vollständig verarbeitet werden, sondern lagert sich zum Teil in Gewebe und Organe ein und erzeugt so Krankheiten. Denn der Mensch ist, nachgewiesen durch die Vergleichende Gebissanatomie, ein Frugivore (Fruchtesser – Frucht im Sinne von Samen, Gräsersamen. Getreiden, Wurzelfrüchten, zarten Blattschösslingen und Baumfrüchten), der bei artgerechter natürlicher Ernährung auf rein pflanzlicher Basis bereits ausreichend mit Eiweiß versorgt ist. 
Das überschüssige Eiweiß wird auch in den Wänden der Blutkapillaren gespeichert, wodurch deren Lumen enger wird. Es macht die roten Blutkörperchen (Erythrozyten) praller, wodurch sie die Blutkapillaren nicht mehr so leicht passieren können. Es führt auch zu einer Vermehrung aller Blutzellen (erhöhtes Hämatokrit) und zu einer erhöhten Gerinnungsneigung des Blutes (erhöhte Gefahr von Schlaganfall, Herzinfarkt, Embolie). Außerdem fördert der Überschuss an Eiweiß die Vergrößerung des Herzmuskels, wodurch die Herzklappen nicht mehr richtig schließen. 
12. August 2015 MMD, führender Technologiehersteller und Lizenzpartner für Monitore der Marke Philips, präsentiert eine neue Serie hochqualitativer Displays, die neue Maßstäbe bei der Ergonomie am Arbeitsplatz setzt. Der 55,9 cm (22″) große 220B4LPYCG sowie die Modelle 240B4QPYEG und 272B4QPJCG in den Größen 61 cm (24″) und 68,6 cm (27″) setzen die aktuellen Richtlinien der Bundesanstalt für Arbeitsschutz und Arbeitsmedizin für die Bildschirm- und Büroarbeit um. Diese legen fest, wie die Arbeit am Bildschirm ergonomisch und gesundheitsgerecht gestaltet werden sollte.
Benutzer- und umweltfreundlich
Um  einen bequemen Blickwinkel zu ermöglichen, können die Displays dank SmartErgoBase fast bis auf Tischhöhe verstellt werden.  Zudem kann der Monitor auf unterschiedliche Höhen eingestellt werden, sodass Anwender mit ihrem bevorzugten Blickwinkel und in ihrer bevorzugten Höhe arbeiten. So können Ermüdungen und Belastungen für die Augen vermieden werden. Darüber hinaus sorgt der geringe Abstand zwischen Rahmen und Tisch für optimalen Lesekomfort. Philips Flicker-Free-Technologie reguliert außerdem die Helligkeit, unangenehmes Bildschirmflimmern wird reduziert, um ein noch angenehmeres Betrachtungserlebnis zu ermöglichen.
Die neuen Displays der Marke Philips geben nicht nur kristallklare Bilder aus – das 68,6 cm (27″) große Modell sogar in Quad HD – sie sind auch besonders energieeffizient. Der integrierte PowerSensor erkennt durch das Aussenden und Empfangen unbedenklicher Infrarotsignale, ob sich der Benutzer vor dem Monitor aufhält. Entfernt sich der Benutzer vom Schreibtisch, reduziert sich automatisch die Bildschirmhelligkeit. So wird der Energieverbrauch um bis zu 80 % gesenkt und die Monitorlebensdauer verlängert.
Ein weiteres wichtiges Merkmal der neuen Monitorserie ist die TCO-Edge-Zertifizierung. Diese wird an besonders umweltfreundliche Produkte vergeben, die über die Anforderungen existierender Umweltzeichenprogramme sogar noch hinausgehen. Denn abgesehen von den Standard-TCO-Kriterien zeigt diese Zertifizierung, dass das Produkt zu mindestens 65 % aus wiederverwerteten Kunststoffen besteht, energieeffizient ist, nur minimal kritische Materialien enthält, über eine zu 100 % recycelbare Verpackung verfügt und neben anderen Anforderungen für ein einfaches Recycling entworfen wurde. Davon profitieren Anwender und Umwelt gleichermaßen.
SmartConnect
Die neuen Monitore der Marke Philips verfügen über einer Vielzahl an Anschlussmöglichkeiten wie VGA, Dual-Link-DVI oder DisplayPort, sodass Anwender unkomprimierte Audio- und Videoinhalte mit hoher Auflösung genießen können. Der USB-3.0-Hub des 27″-Modells ermöglicht zudem eine schnelle Datenübertragung von angeschlossenen USB-Datenträgern. Über die MultiView-Funktion können Bildinhalte von mehreren Geräten wie Desktop-PC und Notebook gleichzeitig angezeigt werden. Damit gehen auch komplexe Multitasking-Aufgaben noch leichter von der Hand.
Die neuen Displays sind ab September erhältlich. Die UVP für die Modelle Philips 220B4LPYCG, 240B4QPYEG und 272B4QPJCG betragen 219 EUR, 289 EUR und 519 EUR. 
Mehr Informationen zu LCD-Monitoren der Marke Philips finden Sie hier: http://www.philips.de/c-m-pc/monitore/
MMD wurde 2009 durch einen Lizenzvertrag mit Philips als hundertprozentige Tochter von TPV gegründet. MMD vermarktet und vertreibt ausschließlich Displays der Marke Philips. Durch die Kombination des Markenversprechens von Philips mit der Kompetenz von TPV in der Displayfertigung nutzt MMD einen schnellen und zielgerichteten Ansatz, um innovative Produkte auf den Markt zu bringen. MMD bedient die Märkte in Westeuropa, dem Nahen Osten und Afrika von seinem europäischen Hauptquartier in Amsterdam und verfügt über eine Dependance in Prag für den osteuropäischen Markt und die GUS. Dank seines Netzwerks lokaler Vertriebspartner arbeitet MMD mit allen bedeutenden europäischen IT-Distributoren und Fachhändlern zusammen. Die Design- und Entwicklungsabteilung des Unternehmens befindet sich in Taiwan.www.mmd-p.com
Philips.Displays@united.dehttp://www.philips.de/c-m-pc/monitore/
New Post has been published on http://www.hasselwander.co.uk/was-faellt-unter-den-oberbegriff-gebaeudereinigung/Was fällt unter den Oberbegriff Gebäudereinigung?
Eine grundsätzliche Differenzierung erfolgt bei Unternehmen wie der  Gebäudereinigung Stuttgart (http://www.soylakservice.de/) nach der Unterhaltsreinigung, den Sonderreinigungen sowie den Maßnahmen, die im Rahmen der allgemeinen Verkehrssicherungspflicht notwendig werden. Daraus leiten sich dann Begriffe wie Grundreinigung, Baureinigung oder Winterdienst ab. Eine weitere Unterscheidung erfolgt nach den Bereichen, die gereinigt werden. Danach umfasst die Gebäudereinigung beispielsweise die Treppenhausreinigung, die Glasreinigung oder die Büroreinigung. Spezialgebiete stellen die Industriereinigung, die Maschinenreinigung sowie die Krankenhausreinigung dar.
Was gehört zur Unterhaltsreinigung?
Sie wird durch die regelmäßige Ausführung in kurzen Abständen nach einem vorgegebenen Plan gekennzeichnet. Dabei werden in einem Büro z.B. die Möbel abgewischt, die Griffspuren von Türen entfernt und die Böden gesaugt oder gewischt. Bei der Treppenhausreinigung umfasst die Grundreinigung das Kehren und Wischen der Treppen, das Abwischen der Handläufe der Geländer sowie die Säuberung der Türen. Bei medizinischen Einrichtungen müssen bei der Unterhaltsreinigung die Vorgaben der Desinfektionsvorschriften mit beachtet werden. 
Welche Formen der Sonderreinigung gibt es?
Dazu gehören zum Beispiel die Entfernung von Rückständen auf Bodenbelägen und das Aufbringen einer neuen Oberflächenversiegelung. Außerdem werden auch Wände und Decken gesäubert. Auch die Baureinigung, die Fassadenreinigung, die Lichtreklamenreinigung und die Markisenreinigung zählen sich zur Sparte der Sonderreinigung. Eine weitere Art der besonderen Maßnahmen der Gebäudereinigung Stuttgart ist beispielsweise die Dekontamination nach einem Wasserschaden, der durch Hochwasser verursacht wurde. Eine umfassendere Sonderreinigung ist darüber hinaus auch nach der Durchführung von Malerarbeiten in einem Gebäude notwendig. 
Glasreinigung ist ein Sonderfall bei der Gebäudereinigung Stuttgart
Die Glasreinigung ordnet sich bei der Gebäudereinigung Stuttgart sowohl bei der Grundreinigung als auch bei der Sonderreinigung ein. Die Zuordnung ergibt sich aus der Art und dem Standort der zu bearbeitenden Glasflächen. Die Säuberung von Glasflächen in Türen und Fenstern zählt sich zur Unterhaltsreinigung. Muss dagegen die Fläche einer gläsernen Fassade gesäubert werden, handelt es sich um eine Art der Sonderreinigung.
Welche Leistungen ergänzen die Gebäudereinigung?
Neben den genannten Dienstleistungen bieten viele Fachfirmen für Gebäudereinigung Stuttgart auch Dienstleistungen zur Einhaltung der Vorgaben aus der allgemeinen Verkehrssicherungspflicht an. Den Schwerpunkt bildet dabei der Winterdienst. Hier geht es in erster Linie darum, für die Allgemeinheit bestehende Gefahren zu vermeiden und/oder zu beseitigen. Neben dem Winterdienst kommt hier auch die Entfernung von Graffiti in Frage. Auch die Säuberung der Abdeckungen von Beleuchtungen spielt hier eine wichtige Rolle.
Als professionelles Dienstleistungsunternehmen aus Stuttgart orientieren wir uns immer nach den Anforderungen und Wünschen unserer Kunden. Wir wachsen mit den Bedürfnissen unserer Kunden und lassen unsere diese auch an den Innovationen unseres Dienstleistungsangebotes teilhaben.
Durch unseren Kundenstamm gerade im Bereich der Privatkunden -und Firmenkundenbetreuung sind wir es gewohnt Tag täglich durch erneute Bestleistung – auch zu Spitzenzeiten – zu überzeugen.
Wir sind stolz auf das Vertrauen unserer Kunden und Partner und freuen uns auf weitere vertrauensvolle Zusammenarbeit.
pressemitteilung@regiohelden.dehttp://www.regiohelden.de/
New Post has been published on http://www.hasselwander.co.uk/mit-fiat-durch-das-ganze-jahr/Mit Fiat durch das ganze Jahr.Das Iserlohner Autohaus Helmering setzt auch nach dem Umbau weiter auf das Flagschiff Fiat  –
jetzt auch im Sendeumfeld von N24 „Welt der Wunder“ vom 17. bis 21. August 2015 um
ca. 19.30 Uhr.
Die Italiener haben es der autoaffinen Familie Helmering schon seit 1976 angetan. Die Kombination des Dolce Vita in Verbindung mit italienischen Automobilen war seit Anbeginn der Erfolgsgeschichte des Autohauses ein Auslöser für deren Faible. 
Mit der Gründung des Autohaus Helmering vor 39 Jahren ist in Iserlohn ein kompetenter Vertragspartner für Fiat und Fiat Professional und ein autorisierter Servicepartner für Alfa Romeo eingezogen. 
„Fiat und Alfa Romeo stehen für italienische Raffinesse, elegantes Design und Leidenschaft. Auch im Wohnmobilbereich hat Fiat nachhaltig Akzente gesetzt. Umso wichtiger für die Kunden und Freunde beider Marken, einen kompetenten Automobil- und Servicepartner vor Ort zu haben“, erläutert Geschäftsführer Andreas Helmering. 
„Im Servicebereich sind PKW und leichte Nutzfahrzeuge aller Fabrikate sowie Wohnmobile auf Fiat-Ducato-Basis jederzeit willkommen“ führt der Geschäftsführer weiter aus. „Autos brauchen regelmäßig fachgerechte Wartung und Inspektion. Darauf sind wir spezialisiert. Durch drei eingerichtete Wohnmobil-Arbeitsplätze und der angeschlossenen Waschhalle ist bestmöglicher Rundumservice garantiert  – wer einmal unseren Service kennt, kommt immer gerne wieder“. 
Innerhalb von fast 40 Jahren Autohaus Helmering hat das Familienunter-nehmen in einen umfassenden Neu- und Umbau investiert. Das Hauptgebäude sowie der Verkaufspavillon setzt die Automobile besonders gekonnt in Szene. Viel Tageslichtverglasung lässt die Schönheit der ausgestellten Fahrzeuge im besten Licht erstrahlen.
Durch den Anschluss an eine Einkaufsgenossenschaft für Neu- und Gebrauchtfahrzeuge werden ab sofort auch Fahrzeuge anderer Marken vertrieben und im Hauptgebäude ausgestellt.
Der bekannte Investor Marc Faber hat nach dem Verfall des Goldpreises seinen Anteil am Edelmetall erhöht. Nach dem Erreichen des Fünfjahrestiefpunktes beim Goldpreis könnte es jetzt für das Edelmetall und die Goldunternehmen wie Pershing Gold oder Rye Patch aufwärts gehen
Pershing Gold (ISIN: CA7153021057 – http://www.commodity-tv.net/c/mid,3159,Companies_und_Projects/?v=293796 ), Goldgesellschaft in Nevada, berichtet aktuell über extrem gute Bohrergebnisse auf seinem Relief Canyon-Projekt: 15,6 Meter mit rund 7 Gramm Gold pro Tonne Gestein, sowie darin eingeschlossen bis zu 108 Gramm Gold pro Tonne. Damit wurden in allen drei Zielgebieten signifikante Goldvererzungen ausgemacht, so CEO und Präsident Stephen Alfers. Das Explorationsunternehmen Rye Patch (ISIN: CA7837271005 – http://www.commodity-tv.net/c/mid,3159,Companies_und_Projects/?v=293131) besitzt diverse Silber- und Goldprojekte in Nevada entlang des Cortex Trends und des Oreana Trends. Großes Plus der Gesellschaft sind die Lizenzeinnahmen aus der Rochester Silbermine. So konnten im ersten Halbjahr 2015 bereits Einnahmen in Höhe von 3.340.000 CanDollar verbucht werden.   
Wenn ein bekannter Investor wie Marc Faber Gold kauft, findet dies natürlich immer Beachtung. Faber zählt die Minenaktien zu den günstigsten  Aktien weltweit. Dass die Korrektur noch nicht vorbei ist und es noch etwas abwärts gehen könnte, hält er laut eigener Aussage für möglich. Dennoch kauft er zu.
Aktuell hat der Goldpreis einen Sprung von 0,94 Prozent nach oben vollzogen. Ursächlich war wohl ein Interview mit dem FED-Vize Stanley Fischer. Dieser hatte nämlich durchblicken lassen, dass eine Zinserhöhung im September keinesfalls beschlossene Sache sei. Man wolle abwarten, bis die Teuerung wieder ein gesundes Niveau erreiche. Da eine Zinserhöhung in den USA sich negativ auf den Goldpreis auswirken würde und diese wohl noch aus sich warten lässt, ist dies ein positives Umfeld für den Preis des edlen Metalls. Ob wir schon vor der Trendwende stehen, ist dennoch schwer vorher zu sagen.